<ImportExportXml version="9.2.23014.178" SolutionPackageVersion="9.2" languagecode="1036" generatedBy="CrmLive" xmlns:xsi="http://www.w3.org/2001/XMLSchema-instance">
  <SolutionManifest>
    <UniqueName>DesignSideKick</UniqueName>
    <LocalizedNames>
      <LocalizedName description="DZ Design Sidekick" languagecode="1036" />
    </LocalizedNames>
    <Descriptions />
    <Version>1.0.20230221.1</Version>
    <Managed>1</Managed>
    <Publisher>
      <UniqueName>DZ</UniqueName>
      <LocalizedNames>
        <LocalizedName description="DZ" languagecode="1036" />
      </LocalizedNames>
      <Descriptions />
      <EMailAddress xsi:nil="true"></EMailAddress>
      <SupportingWebsiteUrl xsi:nil="true"></SupportingWebsiteUrl>
      <CustomizationPrefix>dz</CustomizationPrefix>
      <CustomizationOptionValuePrefix>12198</CustomizationOptionValuePrefix>
      <Addresses>
        <Address>
          <AddressNumber>1</AddressNumber>
          <AddressTypeCode>1</AddressTypeCode>
          <City xsi:nil="true"></City>
          <County xsi:nil="true"></County>
          <Country xsi:nil="true"></Country>
          <Fax xsi:nil="true"></Fax>
          <FreightTermsCode xsi:nil="true"></FreightTermsCode>
          <ImportSequenceNumber xsi:nil="true"></ImportSequenceNumber>
          <Latitude xsi:nil="true"></Latitude>
          <Line1 xsi:nil="true"></Line1>
          <Line2 xsi:nil="true"></Line2>
          <Line3 xsi:nil="true"></Line3>
          <Longitude xsi:nil="true"></Longitude>
          <Name xsi:nil="true"></Name>
          <PostalCode xsi:nil="true"></PostalCode>
          <PostOfficeBox xsi:nil="true"></PostOfficeBox>
          <PrimaryContactName xsi:nil="true"></PrimaryContactName>
          <ShippingMethodCode>1</ShippingMethodCode>
          <StateOrProvince xsi:nil="true"></StateOrProvince>
          <Telephone1 xsi:nil="true"></Telephone1>
          <Telephone2 xsi:nil="true"></Telephone2>
          <Telephone3 xsi:nil="true"></Telephone3>
          <TimeZoneRuleVersionNumber xsi:nil="true"></TimeZoneRuleVersionNumber>
          <UPSZone xsi:nil="true"></UPSZone>
          <UTCOffset xsi:nil="true"></UTCOffset>
          <UTCConversionTimeZoneCode xsi:nil="true"></UTCConversionTimeZoneCode>
        </Address>
        <Address>
          <AddressNumber>2</AddressNumber>
          <AddressTypeCode>1</AddressTypeCode>
          <City xsi:nil="true"></City>
          <County xsi:nil="true"></County>
          <Country xsi:nil="true"></Country>
          <Fax xsi:nil="true"></Fax>
          <FreightTermsCode xsi:nil="true"></FreightTermsCode>
          <ImportSequenceNumber xsi:nil="true"></ImportSequenceNumber>
          <Latitude xsi:nil="true"></Latitude>
          <Line1 xsi:nil="true"></Line1>
          <Line2 xsi:nil="true"></Line2>
          <Line3 xsi:nil="true"></Line3>
          <Longitude xsi:nil="true"></Longitude>
          <Name xsi:nil="true"></Name>
          <PostalCode xsi:nil="true"></PostalCode>
          <PostOfficeBox xsi:nil="true"></PostOfficeBox>
          <PrimaryContactName xsi:nil="true"></PrimaryContactName>
          <ShippingMethodCode>1</ShippingMethodCode>
          <StateOrProvince xsi:nil="true"></StateOrProvince>
          <Telephone1 xsi:nil="true"></Telephone1>
          <Telephone2 xsi:nil="true"></Telephone2>
          <Telephone3 xsi:nil="true"></Telephone3>
          <TimeZoneRuleVersionNumber xsi:nil="true"></TimeZoneRuleVersionNumber>
          <UPSZone xsi:nil="true"></UPSZone>
          <UTCOffset xsi:nil="true"></UTCOffset>
          <UTCConversionTimeZoneCode xsi:nil="true"></UTCConversionTimeZoneCode>
        </Address>
      </Addresses>
    </Publisher>
    <RootComponents>
      <RootComponent type="300" schemaName="dz_dztdcanvastemplatebasic_9eab4" behavior="0" />
      <RootComponent type="300" schemaName="dz_dztdcanvastemplatecreatorkit_e663b" behavior="0" />
      <RootComponent type="300" schemaName="dz_dztdcanvastemplatethemes_6df22" behavior="0" />
      <RootComponent type="300" schemaName="dz_dzthemedesignercomponents_939f1" behavior="0" />
      <RootComponent type="300" schemaName="dz_dzthemedesigner_7e0b3" behavior="0" />
    </RootComponents>
    <MissingDependencies>
      <MissingDependency>
        <Required type="300" schemaName="cat_powercatcomponentlibrary_0be3a" displayName="Power CAT Component Library" solution="CreatorKitCore (1.0.20230118.1)" />
        <Dependent type="300" schemaName="dz_dzthemedesigner_7e0b3" displayName="DZ Theme Designer" />
      </MissingDependency>
      <MissingDependency>
        <Required type="66" schemaName="cat_PowerCAT.AutoWidthLabel" displayName="cat_PowerCAT.AutoWidthLabel" solution="CreatorKitCore (1.0.20230118.1)" />
        <Dependent type="300" schemaName="dz_dztdcanvastemplatecreatorkit_e663b" displayName="DZTD Canvas Template (CreatorKit)" />
      </MissingDependency>
      <MissingDependency>
        <Required type="66" schemaName="cat_PowerCAT.AutoWidthLabel" displayName="cat_PowerCAT.AutoWidthLabel" solution="CreatorKitCore (1.0.20230118.1)" />
        <Dependent type="300" schemaName="dz_dzthemedesigner_7e0b3" displayName="DZ Theme Designer" />
      </MissingDependency>
      <MissingDependency>
        <Required type="66" schemaName="cat_PowerCAT.Breadcrumb" displayName="cat_PowerCAT.Breadcrumb" solution="CreatorKitCore (1.0.20230118.1)" />
        <Dependent type="300" schemaName="dz_dztdcanvastemplatecreatorkit_e663b" displayName="DZTD Canvas Template (CreatorKit)" />
      </MissingDependency>
      <MissingDependency>
        <Required type="66" schemaName="cat_PowerCAT.Breadcrumb" displayName="cat_PowerCAT.Breadcrumb" solution="CreatorKitCore (1.0.20230118.1)" />
        <Dependent type="300" schemaName="dz_dzthemedesigner_7e0b3" displayName="DZ Theme Designer" />
      </MissingDependency>
      <MissingDependency>
        <Required type="66" schemaName="cat_PowerCAT.Calendar" displayName="cat_PowerCAT.Calendar" solution="CreatorKitCore (1.0.20230118.1)" />
        <Dependent type="300" schemaName="dz_dztdcanvastemplatecreatorkit_e663b" displayName="DZTD Canvas Template (CreatorKit)" />
      </MissingDependency>
      <MissingDependency>
        <Required type="66" schemaName="cat_PowerCAT.Calendar" displayName="cat_PowerCAT.Calendar" solution="CreatorKitCore (1.0.20230118.1)" />
        <Dependent type="300" schemaName="dz_dzthemedesigner_7e0b3" displayName="DZ Theme Designer" />
      </MissingDependency>
      <MissingDependency>
        <Required type="66" schemaName="cat_PowerCAT.CommandBar" displayName="cat_PowerCAT.CommandBar" solution="CreatorKitCore (1.0.20230118.1)" />
        <Dependent type="300" schemaName="dz_dztdcanvastemplatecreatorkit_e663b" displayName="DZTD Canvas Template (CreatorKit)" />
      </MissingDependency>
      <MissingDependency>
        <Required type="66" schemaName="cat_PowerCAT.CommandBar" displayName="cat_PowerCAT.CommandBar" solution="CreatorKitCore (1.0.20230118.1)" />
        <Dependent type="300" schemaName="dz_dzthemedesigner_7e0b3" displayName="DZ Theme Designer" />
      </MissingDependency>
      <MissingDependency>
        <Required type="66" schemaName="cat_PowerCAT.ContextMenu" displayName="cat_PowerCAT.ContextMenu" solution="CreatorKitCore (1.0.20230118.1)" />
        <Dependent type="300" schemaName="dz_dztdcanvastemplatecreatorkit_e663b" displayName="DZTD Canvas Template (CreatorKit)" />
      </MissingDependency>
      <MissingDependency>
        <Required type="66" schemaName="cat_PowerCAT.ContextMenu" displayName="cat_PowerCAT.ContextMenu" solution="CreatorKitCore (1.0.20230118.1)" />
        <Dependent type="300" schemaName="dz_dzthemedesigner_7e0b3" displayName="DZ Theme Designer" />
      </MissingDependency>
      <MissingDependency>
        <Required type="66" schemaName="cat_PowerCAT.Elevation" displayName="cat_PowerCAT.Elevation" solution="CreatorKitCore (1.0.20230118.1)" />
        <Dependent type="300" schemaName="dz_dztdcanvastemplatecreatorkit_e663b" displayName="DZTD Canvas Template (CreatorKit)" />
      </MissingDependency>
      <MissingDependency>
        <Required type="66" schemaName="cat_PowerCAT.Elevation" displayName="cat_PowerCAT.Elevation" solution="CreatorKitCore (1.0.20230118.1)" />
        <Dependent type="300" schemaName="dz_dzthemedesigner_7e0b3" displayName="DZ Theme Designer" />
      </MissingDependency>
      <MissingDependency>
        <Required type="66" schemaName="cat_PowerCAT.Facepile" displayName="cat_PowerCAT.Facepile" solution="CreatorKitCore (1.0.20230118.1)" />
        <Dependent type="300" schemaName="dz_dztdcanvastemplatecreatorkit_e663b" displayName="DZTD Canvas Template (CreatorKit)" />
      </MissingDependency>
      <MissingDependency>
        <Required type="66" schemaName="cat_PowerCAT.Facepile" displayName="cat_PowerCAT.Facepile" solution="CreatorKitCore (1.0.20230118.1)" />
        <Dependent type="300" schemaName="dz_dzthemedesigner_7e0b3" displayName="DZ Theme Designer" />
      </MissingDependency>
      <MissingDependency>
        <Required type="66" schemaName="cat_PowerCAT.FluentDetailsList" displayName="cat_PowerCAT.FluentDetailsList" solution="CreatorKitCore (1.0.20230118.1)" />
        <Dependent type="300" schemaName="dz_dztdcanvastemplatecreatorkit_e663b" displayName="DZTD Canvas Template (CreatorKit)" />
      </MissingDependency>
      <MissingDependency>
        <Required type="66" schemaName="cat_PowerCAT.FluentDetailsList" displayName="cat_PowerCAT.FluentDetailsList" solution="CreatorKitCore (1.0.20230118.1)" />
        <Dependent type="300" schemaName="dz_dzthemedesigner_7e0b3" displayName="DZ Theme Designer" />
      </MissingDependency>
      <MissingDependency>
        <Required type="66" schemaName="cat_PowerCAT.Icon" displayName="cat_PowerCAT.Icon" solution="CreatorKitCore (1.0.20230118.1)" />
        <Dependent type="300" schemaName="dz_dztdcanvastemplatecreatorkit_e663b" displayName="DZTD Canvas Template (CreatorKit)" />
      </MissingDependency>
      <MissingDependency>
        <Required type="66" schemaName="cat_PowerCAT.Icon" displayName="cat_PowerCAT.Icon" solution="CreatorKitCore (1.0.20230118.1)" />
        <Dependent type="300" schemaName="dz_dzthemedesigner_7e0b3" displayName="DZ Theme Designer" />
      </MissingDependency>
      <MissingDependency>
        <Required type="66" schemaName="cat_PowerCAT.Nav" displayName="cat_PowerCAT.Nav" solution="CreatorKitCore (1.0.20230118.1)" />
        <Dependent type="300" schemaName="dz_dztdcanvastemplatecreatorkit_e663b" displayName="DZTD Canvas Template (CreatorKit)" />
      </MissingDependency>
      <MissingDependency>
        <Required type="66" schemaName="cat_PowerCAT.Nav" displayName="cat_PowerCAT.Nav" solution="CreatorKitCore (1.0.20230118.1)" />
        <Dependent type="300" schemaName="dz_dzthemedesigner_7e0b3" displayName="DZ Theme Designer" />
      </MissingDependency>
      <MissingDependency>
        <Required type="66" schemaName="cat_PowerCAT.PeoplePicker" displayName="cat_PowerCAT.PeoplePicker" solution="CreatorKitCore (1.0.20230118.1)" />
        <Dependent type="300" schemaName="dz_dztdcanvastemplatecreatorkit_e663b" displayName="DZTD Canvas Template (CreatorKit)" />
      </MissingDependency>
      <MissingDependency>
        <Required type="66" schemaName="cat_PowerCAT.PeoplePicker" displayName="cat_PowerCAT.PeoplePicker" solution="CreatorKitCore (1.0.20230118.1)" />
        <Dependent type="300" schemaName="dz_dzthemedesigner_7e0b3" displayName="DZ Theme Designer" />
      </MissingDependency>
      <MissingDependency>
        <Required type="66" schemaName="cat_PowerCAT.Persona" displayName="cat_PowerCAT.Persona" solution="CreatorKitCore (1.0.20230118.1)" />
        <Dependent type="300" schemaName="dz_dztdcanvastemplatecreatorkit_e663b" displayName="DZTD Canvas Template (CreatorKit)" />
      </MissingDependency>
      <MissingDependency>
        <Required type="66" schemaName="cat_PowerCAT.Persona" displayName="cat_PowerCAT.Persona" solution="CreatorKitCore (1.0.20230118.1)" />
        <Dependent type="300" schemaName="dz_dzthemedesigner_7e0b3" displayName="DZ Theme Designer" />
      </MissingDependency>
      <MissingDependency>
        <Required type="66" schemaName="cat_PowerCAT.Picker" displayName="cat_PowerCAT.Picker" solution="CreatorKitCore (1.0.20230118.1)" />
        <Dependent type="300" schemaName="dz_dztdcanvastemplatecreatorkit_e663b" displayName="DZTD Canvas Template (CreatorKit)" />
      </MissingDependency>
      <MissingDependency>
        <Required type="66" schemaName="cat_PowerCAT.Picker" displayName="cat_PowerCAT.Picker" solution="CreatorKitCore (1.0.20230118.1)" />
        <Dependent type="300" schemaName="dz_dzthemedesigner_7e0b3" displayName="DZ Theme Designer" />
      </MissingDependency>
      <MissingDependency>
        <Required type="66" schemaName="cat_PowerCAT.Pivot" displayName="cat_PowerCAT.Pivot" solution="CreatorKitCore (1.0.20230118.1)" />
        <Dependent type="300" schemaName="dz_dztdcanvastemplatecreatorkit_e663b" displayName="DZTD Canvas Template (CreatorKit)" />
      </MissingDependency>
      <MissingDependency>
        <Required type="66" schemaName="cat_PowerCAT.Pivot" displayName="cat_PowerCAT.Pivot" solution="CreatorKitCore (1.0.20230118.1)" />
        <Dependent type="300" schemaName="dz_dzthemedesigner_7e0b3" displayName="DZ Theme Designer" />
      </MissingDependency>
      <MissingDependency>
        <Required type="66" schemaName="cat_PowerCAT.ProgressIndicator" displayName="cat_PowerCAT.ProgressIndicator" solution="CreatorKitCore (1.0.20230118.1)" />
        <Dependent type="300" schemaName="dz_dztdcanvastemplatecreatorkit_e663b" displayName="DZTD Canvas Template (CreatorKit)" />
      </MissingDependency>
      <MissingDependency>
        <Required type="66" schemaName="cat_PowerCAT.ProgressIndicator" displayName="cat_PowerCAT.ProgressIndicator" solution="CreatorKitCore (1.0.20230118.1)" />
        <Dependent type="300" schemaName="dz_dzthemedesigner_7e0b3" displayName="DZ Theme Designer" />
      </MissingDependency>
      <MissingDependency>
        <Required type="66" schemaName="cat_PowerCAT.ResizableTextarea" displayName="cat_PowerCAT.ResizableTextarea" solution="CreatorKitCore (1.0.20230118.1)" />
        <Dependent type="300" schemaName="dz_dztdcanvastemplatecreatorkit_e663b" displayName="DZTD Canvas Template (CreatorKit)" />
      </MissingDependency>
      <MissingDependency>
        <Required type="66" schemaName="cat_PowerCAT.ResizableTextarea" displayName="cat_PowerCAT.ResizableTextarea" solution="CreatorKitCore (1.0.20230118.1)" />
        <Dependent type="300" schemaName="dz_dzthemedesigner_7e0b3" displayName="DZ Theme Designer" />
      </MissingDependency>
      <MissingDependency>
        <Required type="66" schemaName="cat_PowerCAT.SearchBox" displayName="cat_PowerCAT.SearchBox" solution="CreatorKitCore (1.0.20230118.1)" />
        <Dependent type="300" schemaName="dz_dztdcanvastemplatecreatorkit_e663b" displayName="DZTD Canvas Template (CreatorKit)" />
      </MissingDependency>
      <MissingDependency>
        <Required type="66" schemaName="cat_PowerCAT.SearchBox" displayName="cat_PowerCAT.SearchBox" solution="CreatorKitCore (1.0.20230118.1)" />
        <Dependent type="300" schemaName="dz_dzthemedesigner_7e0b3" displayName="DZ Theme Designer" />
      </MissingDependency>
      <MissingDependency>
        <Required type="66" schemaName="cat_PowerCAT.Shimmer" displayName="cat_PowerCAT.Shimmer" solution="CreatorKitCore (1.0.20230118.1)" />
        <Dependent type="300" schemaName="dz_dztdcanvastemplatecreatorkit_e663b" displayName="DZTD Canvas Template (CreatorKit)" />
      </MissingDependency>
      <MissingDependency>
        <Required type="66" schemaName="cat_PowerCAT.Shimmer" displayName="cat_PowerCAT.Shimmer" solution="CreatorKitCore (1.0.20230118.1)" />
        <Dependent type="300" schemaName="dz_dzthemedesigner_7e0b3" displayName="DZ Theme Designer" />
      </MissingDependency>
      <MissingDependency>
        <Required type="66" schemaName="cat_PowerCAT.SpinButton" displayName="cat_PowerCAT.SpinButton" solution="CreatorKitCore (1.0.20230118.1)" />
        <Dependent type="300" schemaName="dz_dztdcanvastemplatecreatorkit_e663b" displayName="DZTD Canvas Template (CreatorKit)" />
      </MissingDependency>
      <MissingDependency>
        <Required type="66" schemaName="cat_PowerCAT.SpinButton" displayName="cat_PowerCAT.SpinButton" solution="CreatorKitCore (1.0.20230118.1)" />
        <Dependent type="300" schemaName="dz_dzthemedesigner_7e0b3" displayName="DZ Theme Designer" />
      </MissingDependency>
      <MissingDependency>
        <Required type="66" schemaName="cat_PowerCAT.Spinner" displayName="cat_PowerCAT.Spinner" solution="CreatorKitCore (1.0.20230118.1)" />
        <Dependent type="300" schemaName="dz_dztdcanvastemplatecreatorkit_e663b" displayName="DZTD Canvas Template (CreatorKit)" />
      </MissingDependency>
      <MissingDependency>
        <Required type="66" schemaName="cat_PowerCAT.Spinner" displayName="cat_PowerCAT.Spinner" solution="CreatorKitCore (1.0.20230118.1)" />
        <Dependent type="300" schemaName="dz_dzthemedesigner_7e0b3" displayName="DZ Theme Designer" />
      </MissingDependency>
      <MissingDependency>
        <Required type="66" schemaName="cat_PowerCAT.SubwayNav" displayName="cat_PowerCAT.SubwayNav" solution="CreatorKitCore (1.0.20230118.1)" />
        <Dependent type="300" schemaName="dz_dztdcanvastemplatecreatorkit_e663b" displayName="DZTD Canvas Template (CreatorKit)" />
      </MissingDependency>
      <MissingDependency>
        <Required type="66" schemaName="cat_PowerCAT.SubwayNav" displayName="cat_PowerCAT.SubwayNav" solution="CreatorKitCore (1.0.20230118.1)" />
        <Dependent type="300" schemaName="dz_dzthemedesigner_7e0b3" displayName="DZ Theme Designer" />
      </MissingDependency>
      <MissingDependency>
        <Required type="66" schemaName="cat_PowerCAT.TagList" displayName="cat_PowerCAT.TagList" solution="CreatorKitCore (1.0.20230118.1)" />
        <Dependent type="300" schemaName="dz_dztdcanvastemplatecreatorkit_e663b" displayName="DZTD Canvas Template (CreatorKit)" />
      </MissingDependency>
      <MissingDependency>
        <Required type="66" schemaName="cat_PowerCAT.TagList" displayName="cat_PowerCAT.TagList" solution="CreatorKitCore (1.0.20230118.1)" />
        <Dependent type="300" schemaName="dz_dzthemedesigner_7e0b3" displayName="DZ Theme Designer" />
      </MissingDependency>
      <MissingDependency>
        <Required type="66" schemaName="cat_PowerCAT.ThemeDesigner" displayName="cat_PowerCAT.ThemeDesigner" solution="CreatorKitCore (1.0.20230118.1)" />
        <Dependent type="300" schemaName="dz_dzthemedesigner_7e0b3" displayName="DZ Theme Designer" />
      </MissingDependency>
    </MissingDependencies>
  </SolutionManifest>
</ImportExportXml>